1,a +
2,berlimpah
3,berlimpah
4,kelimpahan
5,melimpah
6,dapat diakses
7,dapat diakses
8,tepuk tangan sorak
9,diakui
10,aklamasi
11,penghargaan
12,penghargaan
13,akomodatif
14,akomodatif
15,menyelesaikan
16,ulung
17,prestasi
18,prestasi
19,tepat
20,secara akurat
21,bisa dicapai
22,prestasi
23,prestasi
24,bisa dicapai
25,ketajaman
26,mudah beradaptasi
27,adaptif
28,memadai
29,disesuaikan
30,terpuji
31,mengagumkan
32,kekaguman
33,mengagumi
34,pengagum
35,mengagumi
36,kagum
37,menggemaskan
38,cinta
39,dipuja
40,pencinta
41,memuja
42,memuja
43,gesit
44,dengan tangkas
45,adulate
46,sanjungan
47,adulatory
48,maju
49,keuntungan
50,menguntungkan
51,menguntungkan
52,keuntungan
53,menantang
54,petualang
55,menganjurkan
56,dianjurkan
57,pendukung
58,keramahan
59,ramah
60,ramah
61,sok aksi
62,kasih sayang
63,sayang
64,afinitas
65,menegaskan
66,afirmasi
67,setuju
68,kemakmuran
69,makmur
70,mampu
71,terjangkau
72,terjangkau
73,afordable
74,tangkas
75,agilely
76,kelincahan
77,menyenangkan
78,setuju
79,secara menyenangkan
80,semuanya
81,menarik
82,memikat
83,altruistis
84,secara altruistik
85,menakjubkan
86,takjub
87,keheranan
88,mengherankan
89,menakjubkan
90,luar biasa
91,ambisius
92,ambisius
93,memperbaiki
94,menerima
95,kemudahan
96,keramahan
97,ramah
98,ramah
99,keramahan
100,ramah tamah
101,damai
102,persahabatan
103,cukup
104,cukup
105,menghibur
106,lucu
107,menggelikan
108,malaikat
109,seperti malaikat
110,pendewaan
111,menarik
112,menarik
113,bertepuk tangan
114,cukup besar
115,menghargai
116,dihargai
117,menghargai
118,menghargai
119,apresiatif
120,sesuai
121,persetujuan
122,menyetujui
123,bersemangat
124,dgn bernafsu
125,semangat
126,pandai berbicara
127,aspirasi
128,aspirasi
129,bercita-cita tinggi
130,jaminan
131,jaminan
132,memastikan
133,pasti
134,meyakinkan
135,mencengangkan
136,heran
137,mengherankan
138,mengherankan
139,heran
140,mengherankan
141,tercengang
142,mencengangkan
143,mencengangkan
144,cerdik
145,penuh perhatian
146,daya tarik
147,menarik
148,menarik
149,membiasakan
150,terdengar
151,terdengar
152,auspicious
153,asli
154,berwibawa
155,otonom
156,tersedia
157,menegaskan
158,keranjingan
159,dengan rajin
160,menghadiahkan
161,diberikan
162,penghargaan
163,perasaan kagum
164,terpesona
165,mengagumkan
166,awesomely
167,keangkeran
168,terpesona
169,awsome
170,tulang punggung
171,seimbang
172,tawar
173,cantik
174,indah
175,beautifullly
176,indah
177,mempercantik
178,keindahan
179,mengisyaratkan
180,memberi isyarat
181,memanggil
182,beckons
183,terpercaya
184,percaya
185,tercinta
186,dermawan
187,dermawan
188,bermanfaat
189,menguntungkan
190,penerima
191,manfaat
192,manfaat
193,kebajikan
194,penuh kebajikan
195,manfaat
196,terbaik
197,paling dikenal
198,berkinerja terbaik
199,penjualan terbaik
200,lebih baik
201,lebih dikenal
202,lebih baik dari perkiraan
203,baiklah
204,tak bercacat
205,memberkati
206,berkat
207,kebahagiaan
208,penuh kebahagiaan
209,dengan gembira
210,gembira
211,blockbuster
212,berkembang
213,mekar
214,mendukung
215,montok
216,bonus
217,bonus
218,ledakan
219,booming
220,dorongan
221,tak terbatas
222,melimpah
223,paling pintar
224,cerdas
225,Barang baru
226,berani
227,keberanian
228,bravo
229,penerobosan
230,terobosan
231,sesak napas
232,menakjubkan
233,mendebarkan
234,angin
235,terang
236,menerangi
237,lebih terang
238,paling terang
239,kecemerlangan
240,brilliances
241,cemerlang
242,gemilang
243,cepat
244,persaudaraan
245,bullish
246,ringan
247,membujuk
248,tenang
249,menenangkan
250,ketenangan
251,kemampuan
252,mampu
253,cakap
254,memikat hati
255,menawan
256,riang
257,uang kembali
258,cashbacks
259,menarik
260,merayakan
261,terkenal
262,perayaan
263,perayaan
264,juara
265,juara
266,karisma
267,karismatik
268,sosial
269,pesona
270,menawan
271,apik
272,suci
273,lebih murah
274,termurah
275,bersorak
276,riang
277,riang
278,menghargai
279,disayangi
280,kerub
281,chic
282,sangat sopan
283,kesopanan
284,kesopanan
285,membudayakan
286,kejelasan
287,klasik
288,berkelas
289,bersih
290,pembersih
291,terbersih
292,kebersihan
293,rapi
294,bersih
295,jelas
296,dibersihkan
297,lebih jelas
298,jelas
299,membersihkan
300,pintar
301,cerdik
302,bersatu
303,koherensi
304,koheren
305,kompak
306,penuh warna
307,cantik
308,kenyamanan
309,nyaman
310,nyaman
311,menghibur
312,nyaman
313,memuji
314,terpuji
315,commendably
316,komitmen
317,lapang
318,kompak
319,kompak
320,belas kasihan
321,penyayang
322,cocok
323,kompetitif
324,melengkapi
325,komplementer
326,dilengkapi
327,melengkapi
328,compliant
329,pujian
330,gratis
331,luas
332,mendamaikan
333,bersifat mendamaikan
334,ringkas
335,kepercayaan
336,percaya diri
337,cocok
338,mengucapkan selamat
339,Selamat
340,Selamat
341,selamat
342,teliti
343,penuh perhatian
344,konsisten
345,secara konsisten
346,konstruktif
347,sempurna
348,kepuasan
349,kontinuitas
350,kontras
351,kontribusi
352,kenyamanan
353,mudah
354,nyaman
355,convience
356,convienient
357,convient
358,meyakinkan
359,meyakinkan
360,keren
361,paling keren
362,koperasi
363,secara kooperatif
364,landasan
365,benar
366,benar
367,hemat biaya
368,penghematan biaya
369,serangan balik
370,serangan balik
371,keberanian
372,berani
373,dengan berani
374,keberanian
375,sopan
376,sopan
377,perjanjian
378,nyaman
379,kreatif
380,kepercayaan
381,kredibel
382,garing
383,crisper
384,menyembuhkan
385,menyembuhkan semua
386,enak
387,imut
388,kelucuan
389,danke
390,danken
391,berani
392,dengan berani
393,sayang
394,gagah
395,gigih
396,Fajar
397,mempesona
398,silau
399,mempesona
400,mati-murah
401,mati
402,kesopanan
403,layak
404,menentukan
405,ketegasan
406,berdedikasi
407,mengalahkan
408,dikalahkan
409,mengalahkan
410,kekalahan
411,pembela
412,rasa hormat
413,cekatan
414,deginified
415,lezat
416,kelezatan
417,halus
418,lezat
419,menyenangkan
420,gembira
421,menyenangkan
422,menyenangkan
423,menyenangkan
424,bisa diandalkan
425,dependably
426,sepatutnya
427,layak
428,diinginkan
429,menginginkan
430,berkeinginan
431,takdir
432,dilepas
433,taat
434,tangkas
435,tanpa ampun
436,tangkas
437,bermartabat
438,menghargai
439,martabat
440,ketekunan
441,rajin
442,tekun
443,diplomatik
444,murah banget
445,perbedaan
446,khusus
447,dibedakan
448,beragam
449,ilahi
450,ilahi
451,mendominasi
452,didominasi
453,mendominasi
454,sangat menyayangi
455,sangat mencengangkan
456,pasti
457,alam mimpi
458,tercengang
459,tercengang
460,dummy-proof
461,tahan lama
462,dinamis
463,bersemangat
464,dengan penuh semangat
465,keinginan
466,sungguh
467,dengan sungguh-sungguh
468,kesungguhan
469,meredakan
470,mereda
471,mereda
472,lebih mudah
473,paling mudah
474,kemudahan
475,mereda
476,mudah
477,mudah digunakan
478,mudah bergaul
479,ebullience
480,ebullient
481,ebulliently
482,ekenomik
483,ekonomis
484,ekstasi
485,ekstasi
486,gembira
487,secara ekstatis
488,memperbaiki akhlak
489,berpendidikan
490,efektif
491,efektif
492,efektivitas
493,mujarab
494,manjur
495,efisien
496,efisien
497,tanpa usaha
498,tanpa susah payah
499,efusi
500,berlebihan
501,effusively
502,effusiveness
503,elan
504,berbesar hati
505,gembira
506,Dengan gembira
507,kegembiraan
508,menggemparkan
509,keanggunan
510,anggun
511,elegan
512,mengangkat
513,elite
514,kelancaran berbicara
515,fasih
516,fasih
517,memberanikan
518,keunggulan
519,terkenal
520,berempati
521,empati
522,memberdayakan
523,Pemberdayaan
524,mempesona
525,terpesona
526,mempesona
527,mempesona
528,mendorong
529,dorongan
530,mendorong
531,memberi semangat
532,menimbulkan perasaan cinta
533,menawan hati
534,mengesahkan
535,didukung
536,dukungan
537,mendukung
538,mendukung
539,energik
540,memberi energi
541,hemat energi
542,hemat energi
543,terlibat
544,yg mengasyikkan
545,menambah
546,ditingkatkan
547,peningkatan
548,meningkatkan
549,Nikmati
550,menyenangkan
551,menyenangkan
552,menikmati
553,menikmati
554,kenikmatan
555,menikmati
556,mencerahkan
557,pencerahan
558,memeriahkan
559,memuliakan
560,cukup
561,enrapt
562,menawan
563,terpesona
564,memperkaya
565,penyuburan
566,giat
567,menghibur
568,menghibur
569,menghibur
570,memikat
571,memikat
572,terpesona
573,menimbulkan rasa antusias
574,antusiasme
575,penggemar
576,antusias
577,dengan antusias
578,menarik
579,terpikat
580,menarik
581,menggoda
582,terpesona
583,memikat
584,mempercayakan
585,patut ditiru
586,Enviably
587,iri
588,iri
589,iri hati
590,iri
591,adil
592,ergonomis
593,bebas dari kesalahan
594,terpelajar
595,etis
596,memuji
597,euforia
598,euforia
599,euforia
600,evaluatif
601,rata
602,penuh peristiwa
603,kekal
604,menggugah
605,mengagungkan
606,permuliaan
607,mulia
608,agung
609,mengagungkan
610,exaltingly
611,examplar
612,examplary
613,tidak biasa
614,melebihi
615,terlampaui
616,melebihi
617,sangat
618,melebihi
619,unggul
620,dikecualikan
621,sangat bagus
622,sangat baik
623,unggul
624,keunggulan
625,sangat baik
626,sangat baik
627,sangat baik
628,unggul
629,luar biasa
630,sangat
631,merangsang
632,gembira
633,penuh semangat
634,kegembiraan
635,kegembiraan
636,menggairahkan
637,seru
638,mengasyikkan
639,exellent
640,contoh
641,teladan
642,meriangkan
643,menggembirakan
644,menggembirakan
645,kegembiraan
646,membebaskan
647,luas
648,secepatnya
649,ahli
650,sangat indah
651,indah
652,memuji
653,memuji
654,luar biasa
655,luar biasa
656,kemewahan
657,riang
658,penuh semangat
659,bersuka ria
660,gembira
661,kegembiraan
662,sangat
663,eye-catch
664,eye-catching
665,eyecatch
666,eyecatching
667,menakjubkan
668,Luar biasa
669,memudahkan
670,adil
671,cukup
672,keadilan
673,iman
674,setia
675,dengan setia
676,kesetiaan
677,ketenaran
678,terkenal
679,terkenal
680,terkenal
681,pelamun
682,naksir
683,mewah
684,keriuhan di pawai
685,penggemar
686,fantastis
687,fantastis
688,mengasyikkan
689,menarik
690,Menariknya
691,pesona
692,modis
693,mode
694,cepat
695,cepat tumbuh
696,cepat
697,lebih cepat
698,tercepat
699,paling cepat berkembang
700,sempurna
701,fav
702,fave
703,kebaikan
704,baik
705,disukai
706,favorit
707,disukai
708,kebaikan
709,tak kenal takut
710,tanpa rasa takut
711,layak
712,layak
713,prestasi
714,kaya fitur
715,foulitous
716,penuh semangat
717,mengucapkan selamat
718,sangat tepat
719,bakat
720,subur
721,kuat
722,sangat
723,bersemangat
724,fervidly
725,semangat
726,meriah
727,kesetiaan
728,berapi
729,baik
730,tampan
731,halus
732,lebih halus
733,terbaik
734,lebih kencang
735,kelas utama
736,kelas satu
737,tingkat pertama
738,menyolok
739,memuji
740,tersanjung
741,datar
742,sempurna
743,tanpa cacat
744,fleksibilitas
745,fleksibel
746,berkembang
747,maju
748,fasih
749,berdebar
750,suka
751,sayang
752,kesukaan
753,sangat mudah
754,terutama
755,tinjauan ke masa depan
756,hebat
757,ketabahan
758,tak disengaja
759,kebetulan
760,beruntung
761,untung
762,nasib
763,harum
764,bebas
765,dibebaskan
766,kebebasan
767,kebebasan
768,segar
769,lebih segar
770,segar
771,keramahan
772,ramah
773,bersenda gurau
774,hemat
775,bermanfaat
776,ftw
777,pemenuhan
778,menyenangkan
779,futurestic
780,futuristik
781,keriangan
782,riang
783,mendapatkan
784,diperoleh
785,bermanfaat
786,mendapatkan
787,mendapatkan
788,keuntungan
789,gagah
790,dengan gagah berani
791,kelimpahan
792,geekier
793,culun
794,gem
795,permata
796,kemurahan hati
797,murah hati
798,dengan murah hati
799,ramah
800,jenius
801,lemah lembut
802,gentlest
803,asli
804,berbakat
805,senang
806,menggembirakan
807,dengan senang hati
808,kegembiraan
809,glamor
810,lagu
811,gembira
812,dengan gembira
813,cahaya redup
814,kelip redup
815,berkilau
816,berkilau
817,berkilau
818,kemewahan
819,memuliakan
820,mulia
821,mulia
822,kejayaan
823,cahaya
824,bercahaya
825,glowingly
826,pemberian Tuhan
827,rahmat
828,ilahi
829,rahmat
830,emas
831,keemasan
832,baik
833,lumayan
834,kebaikan
835,niat baik
836,goood
837,gooood
838,cantik
839,cantik
840,rahmat
841,anggun
842,dengan anggun
843,ramah
844,anggun
845,keanggunan
846,agung
847,keagungan
848,berterimakasih
849,penuh syukur
850,kepuasan
851,bersyukur
852,gratifies
853,memuaskan
854,memuaskan
855,gratifyingly
856,terima kasih
857,besar
858,terbesar
859,kebesaran
860,menyeringai
861,groundbreaking
862,menjamin
863,bimbingan
864,tanpa dosa
865,kecerdasan
866,membesut
867,semangat
868,berani
869,hujan es
870,tenang
871,sehat
872,tanda
873,keunggulan
874,dikuduskan
875,handier
876,dgn mudah
877,tangan ke bawah
878,tampan
879,dengan tampan
880,berguna
881,lebih bahagia
882,dengan senang hati
883,kebahagiaan
884,senang
885,kerja keras
886,lebih keras
887,kuat
888,tidak berbahaya
889,harmonis
890,secara harmonis
891,menyelaraskan
892,harmoni
893,kemajuan
894,menyembuhkan
895,sehat
896,sehat
897,membesarkan hati
898,membesarkan hati
899,tulus
900,sungguh
901,menghangatkan hati
902,surga
903,surgawi
904,membantu
905,bermanfaat
906,membantu
907,pahlawan
908,heroik
909,heroik
910,pahlawan wanita
911,heroize
912,pahlawan
913,kualitas tinggi
914,berjiwa tinggi
915,lucu
916,suci
917,penghormatan
918,jujur
919,kejujuran
920,kehormatan
921,terhormat
922,terhormat
923,menghormati
924,hore
925,penuh harapan
926,ramah
927,panas
928,kue panas
929,kue panas
930,terpanas
931,memeluk
932,manusiawi
933,merendahkan
934,kerendahan hati
935,humor
936,lucu
937,bercanda
938,humor
939,lucu
940,ideal
941,mengidealkan
942,idealnya
943,idola
944,mendewakan
945,mengidolakan
946,idilis
947,menerangi
948,Iluminati
949,yg memperjelas
950,menerangi
951,terkemuka
952,ilu
953,imaculate
954,imajinatif
955,tak bernoda
956,rapi
957,besar sekali
958,tidak memihak
959,ketidakberpihakan
960,tidak memihak
961,penuh semangat
962,sempurna
963,tanpa cela
964,penting
965,mengesankan
966,terkesan
967,mengesankan
968,impresif
969,mengesankan
970,mengesankan
971,memperbaiki
972,membaik
973,perbaikan
974,perbaikan
975,meningkatkan
976,memperbaiki
977,luar biasa
978,luar biasa
979,berhutang
980,individual
981,kesenangan
982,sabar
983,rajin
984,tak terhitung
985,sebanding
986,murah
987,infalibilitas
988,sempurna
989,tanpa salah
990,berpengaruh
991,berbakat
992,cerdik
993,kecerdikan
994,terus terang
995,cerdik
996,tidak berbahaya
997,inovasi
998,inovatif
999,inpressed
1000,berwawasan
1001,dengan wawasan
1002,inspirasi
1003,inspirasional
1004,mengilhami
1005,menginspirasi
1006,segera
1007,edukatif
1008,instrumental
1009,integral
1010,terpadu
1011,intelijen
1012,cerdas
1013,jelas
1014,menarik
1015,minat
1016,keintiman
1017,intim
1018,rumit
1019,intrik
1020,Menarik
1021,menggelitik
1022,intuitif
1023,tak ternilai harganya
1024,invaluablely
1025,inventif
1026,memperkuat
1027,menyegarkan
1028,tak terkalahkan
1029,tak terkalahkan
1030,tidak dapat diganggu gugat
1031,terhormat
1032,kebal
1033,tak tergantikan
1034,tak bercacat
1035,sangat menarik
1036,tak tertahankan
1037,bebas masalah
1038,jaw-droping
1039,menjatuhkan rahang
1040,menggembirakan
1041,riang
1042,periang
1043,kegembiraan
1044,menyenangkan
1045,dengan sukacita
1046,riang
1047,dengan gembira
1048,bergembira sekali
1049,penuh sukacita
1050,bergembira sekali
1051,sorak kegirangan
1052,jubiliant
1053,bijaksana
1054,adil
1055,tajam
1056,dengan tajam
1057,ketajaman
1058,ramah anak
1059,baik hati
1060,baik hati
1061,kebaikan
1062,berpengetahuan luas
1063,pujian
1064,kapasitas besar
1065,memuji
1066,terpuji
1067,laudably
1068,mewah
1069,dgn boros
1070,taat hukum
1071,sah
1072,secara sah
1073,memimpin
1074,terkemuka
1075,memimpin
1076,kurus
1077,LED
1078,legendaris
1079,pengaruh
1080,kesembronoan
1081,membebaskan
1082,pembebasan
1083,kebebasan
1084,penyelamat
1085,periang
1086,lebih ringan
1087,yg menyenangkan
1088,seperti
1089,menyukai
1090,suka
1091,menyukai
1092,lionhearted
1093,hidup
1094,logis
1095,sepanjang masa
1096,manis
1097,dicintai
1098,cinta
1099,dicintai
1100,kecantikan
1101,menyenangkan
1102,kekasih
1103,mencintai
1104,penuh kasih
1105,biaya rendah
1106,Harga rendah
1107,murah
1108,Resiko rendah
1109,harga lebih rendah
1110,setia
1111,loyalitas
1112,jelas
1113,lucidly
1114,keberuntungan
1115,lebih beruntung
1116,paling beruntung
1117,keberuntungan
1118,beruntung
1119,menguntungkan
1120,bercahaya
1121,subur
1122,kilau
1123,berkilau
1124,subur
1125,menikmati
1126,mewah
1127,mewah
1128,kemewahan
1129,liris
1130,sihir
1131,gaib
1132,murah hati
1133,dengan murah hati
1134,keindahan
1135,indah
1136,megah
1137,megah
1138,keagungan
1139,mudah dikelola
1140,bisa bermanuver
1141,keajaiban
1142,kagum
1143,kagum
1144,menakjubkan
1145,menakjubkan
1146,Luar biasa
1147,mengagumkan
1148,keajaiban
1149,menguasai
1150,ahli
1151,ahlinya
1152,hasil karya
1153,karya
1154,tuan
1155,penguasaan
1156,tak ada taranya
1157,dewasa
1158,matang
1159,kematangan
1160,berarti
1161,mudah diingat
1162,penuh belas kasihan
1163,untungnya
1164,belas kasihan
1165,pantas
1166,bermanfaat
1167,riang
1168,kegembiraan
1169,merriness
1170,gembira
1171,mempesona
1172,terpesona
1173,memukau
1174,memikat
1175,mesmerizingly
1176,teliti
1177,teliti
1178,sangat kuat
1179,kuat
1180,bertiup pikiran
1181,keajaiban
1182,keajaiban
1183,ajaib
1184,secara ajaib
1185,keajaiban
1186,modern
1187,sederhana
1188,kesopanan
1189,sangat penting
1190,monumental
1191,monumental
1192,moralitas
1193,termotivasi
1194,serba guna
1195,dinavigasi
1196,rapi
1197,tertata rapi
1198,rapi
1199,bagus
1200,baik
1201,lebih bagus
1202,paling bagus
1203,bagus
1204,gesit
1205,mulia
1206,dgn mulia
1207,tak bersuara
1208,tanpa kekerasan
1209,tanpa kekerasan
1210,terutama
1211,penting
1212,memelihara
1213,bergizi
1214,makanan
1215,kebaruan
1216,pengasuhan
1217,oasis
1218,obsesi
1219,obsesi
1220,diperoleh
1221,secara terbuka
1222,keterbukaan
1223,optimal
1224,optimisme
1225,optimis
1226,mewah
1227,tertib
1228,keaslian
1229,mengalahkan
1230,kalah
1231,mengungguli
1232,mengungguli
1233,mengungguli
1234,mengungguli
1235,lebih cemerlang dr
1236,outshone
1237,mengakali
1238,luar biasa
1239,luar biasa
1240,melampaui
1241,mengecoh
1242,ovation
1243,sangat gembira
1244,menyusul
1245,disusul
1246,menyusul
1247,menyalip
1248,menyalip
1249,tawaran
1250,bebas rasa sakit
1251,tanpa rasa sakit
1252,tanpa rasa sakit
1253,mewah
1254,terlalu memanjakan
1255,manja
1256,dimanjakan
1257,dimanjakan
1258,perampok
1259,panorama
1260,firdaus
1261,terpenting
1262,Maaf
1263,gairah
1264,bergairah
1265,penuh gairah
1266,kesabaran
1267,sabar
1268,sabar
1269,patriot
1270,patriotik
1271,perdamaian
1272,damai
1273,tenang
1274,damai
1275,penjaga perdamaian
1276,Persik
1277,tak ada taranya
1278,semangat
1279,pepped
1280,pepping
1281,segar
1282,peps
1283,sempurna
1284,kesempurnaan
1285,sempurna
1286,diizinkan
1287,ketekunan
1288,bertekun
1289,tokoh
1290,dipersonalisasi
1291,fenomenal
1292,fenomenal
1293,indah
1294,kesalehan
1295,puncak
1296,ceria
1297,main-main
1298,nyaman
1299,ramah
1300,senang
1301,menyenangkan
1302,menyenangkan
1303,pleasingly
1304,menyenangkan
1305,menyenangkan
1306,kesenangan
1307,banyak
1308,plus
1309,mewah
1310,plusses
1311,puitis
1312,membandingi keindahan puisi
1313,pedih
1314,sikap tenang
1315,siap
1316,dipoles
1317,sopan
1318,kesopanan
1319,populer
1320,portabel
1321,mewah
1322,positif
1323,positif
1324,positif
1325,kuat
1326,kuat
1327,memuji
1328,terpuji
1329,memuji
1330,unggulan
1331,berharga
1332,tepat
1333,tepat
1334,unggul
1335,lebih suka
1336,lebih baik
1337,lebih disukai
1338,lebih disukai
1339,lebih memilih
1340,lebih memilih
1341,lebih suka
1342,perdana menteri
1343,gengsi
1344,bergengsi
1345,prettily
1346,cantik
1347,tak ternilai
1348,kebanggaan
1349,berprinsip
1350,hak istimewa
1351,istimewa
1352,hadiah
1353,proaktif
1354,bebas masalah
1355,pemecah masalah
1356,luar biasa
1357,sangat luar biasa
1358,keajaiban
1359,produktif
1360,secara produktif
1361,ahli
1362,mahir
1363,mendalam
1364,sangat
1365,boros
1366,kelimpahan
1367,kemajuan
1368,progresif
1369,produktif
1370,menonjol
1371,menonjol
1372,janji
1373,dijanjikan
1374,janji
1375,menjanjikan
1376,promotor
1377,cepat
1378,tepat
1379,layak
1380,tepat
1381,tepat
1382,propitiously
1383,pro
1384,makmur
1385,kemakmuran
1386,Makmur
1387,prospek
1388,melindungi
1389,perlindungan
1390,pelindung
1391,bangga
1392,terbukti
1393,membuktikan
1394,takdir
1395,membuktikan
1396,kecakapan
1397,kebijaksanaan
1398,bijaksana
1399,bijaksana
1400,tepat waktu
1401,murni
1402,memurnikan
1403,sengaja
1404,aneh
1405,berkualitas
1406,memenuhi syarat
1407,lebih cepat
1408,diam
1409,lebih tenang
1410,cahaya
1411,berseri
1412,cepat
1413,hubungan
1414,penuh
1415,pengangkatan
1416,mengasyikkan
1417,dengan gembira
1418,rapturous
1419,rapturously
1420,rasional
1421,setajam silet
1422,terjangkau
1423,mudah dibaca
1424,segera
1425,siap
1426,menegaskan kembali
1427,penegasan kembali
1428,realistis
1429,dapat direalisasikan
1430,masuk akal
1431,cukup
1432,beralasan
1433,kepastian
1434,meyakinkan
1435,reseptif
1436,memperoleh kembali
1437,merekomendasikan
1438,sarankan
1439,rekomendasi
1440,rekomendasi
1441,direkomendasikan
1442,mendamaikan
1443,rekonsiliasi
1444,pengaturan rekaman
1445,memulihkan
1446,pemulihan
1447,pembetulan
1448,memperbaiki
1449,meluruskan
1450,menebus
1451,menebus
1452,penebusan
1453,menyaring
1454,halus
1455,perbaikan
1456,pembaruan
1457,direformasi
1458,mereformasi
1459,reformasi
1460,menyegarkan
1461,segar
1462,segar
1463,pengembalian dana
1464,dikembalikan
1465,megah
1466,seperti raja
1467,menganggap
1468,bersuka cita
1469,kegembiraan
1470,dgn ria gembira
1471,meremajakan
1472,diremajakan
1473,meremajakan
1474,santai
1475,mengalah
1476,dapat diandalkan
1477,andal
1478,bantuan
1479,menikmati
1480,luar biasa
1481,sungguh
1482,memperbaiki
1483,pengampunan
1484,membayar
1485,Renaisans
1486,diperbaharui
1487,kemasyhuran
1488,terkenal
1489,tergantikan
1490,terkemuka
1491,reputasi
1492,elastis
1493,tegas
1494,bergema
1495,bergema
1496,banyak akal
1497,akal
1498,menghormati
1499,terhormat
1500,hormat
1501,dengan hormat
1502,istirahat
1503,megah
1504,secara bertanggung jawab
1505,responsif
1506,tenang
1507,pulih
1508,restrukturisasi
1509,direstrukturisasi
1510,restrukturisasi
1511,bisa ditarik
1512,bersenang-senang
1513,wahyu
1514,memuja
1515,menghormati
1516,takzim
1517,dengan hormat
1518,revitalisasi
1519,kebangkitan
1520,menghidupkan kembali
1521,menghidupkan kembali
1522,revolusioner
1523,merevolusionerkan
1524,merevolusi
1525,merevolusi
1526,Penghargaan
1527,bermanfaat
1528,memberi penghargaan
1529,kaya
1530,lebih kaya
1531,kaya
1532,kekayaan
1533,kanan
1534,benar
1535,adil
1536,selayaknya
1537,kebenaran
1538,sah
1539,benar
1540,sepatutnya
1541,kebenaran
1542,bebas resiko
1543,kuat
1544,bintang rock
1545,bintang rock
1546,rockstar
1547,rockstars
1548,romantis
1549,romantis
1550,meromantiskan
1551,roomier
1552,luas
1553,cerah
1554,aman
1555,aman
1556,kebijaksanaan
1557,sagely
1558,santo
1559,kesucian
1560,suci
1561,bermanfaat
1562,hormat
1563,waras
1564,memuaskan
1565,memuaskan
1566,puas
1567,memuaskan
1568,memuaskan
1569,memuaskan
1570,satisified
1571,penghemat
1572,tabungan
1573,penyelamat
1574,mengerti
1575,indah
1576,mulus
1577,berpengalaman
1578,aman
1579,aman
1580,selektif
1581,penentuan nasib sendiri
1582,harga diri
1583,kepuasan diri
1584,swasembada
1585,mandiri
1586,sensasi
1587,sensasional
1588,sensasional
1589,sensasi
1590,bijaksana
1591,secara pantas
1592,peka
1593,tenang
1594,ketenangan
1595,seksi
1596,tajam
1597,lebih tajam
1598,paling tajam
1599,berkilauan
1600,berkilauan
1601,bersinar
1602,berkilau
1603,penting
1604,diam
1605,lebih sederhana
1606,paling sederhana
1607,disederhanakan
1608,menyederhanakan
1609,menyederhanakan
1610,menyederhanakan
1611,tulus
1612,tulus
1613,ketulusan
1614,ketrampilan
1615,terampil
1616,mahir
1617,dengan terampil
1618,slammin
1619,licin
1620,licin
1621,pintar
1622,lebih pintar
1623,paling cerdas
1624,dgn tangkas
1625,tersenyum
1626,tersenyum
1627,tersenyum
1628,tersenyum
1629,terpukul
1630,halus
1631,lebih halus
1632,mulus
1633,halus
1634,lancar
1635,tajam
1636,manis
1637,ramah
1638,lembut
1639,lebih lembut
1640,penghiburan
1641,cemas
1642,dengan penuh perhatian
1643,padat
1644,solidaritas
1645,menenangkan
1646,menenangkan
1647,canggih
1648,penuh perasaan
1649,nyenyak
1650,kesehatan
1651,luas
1652,berkilau
1653,berkilau
1654,spektakuler
1655,spektakuler
1656,cepat
1657,cepat
1658,mempesona
1659,memukau
1660,mengejek
1661,terpesona
1662,bersemangat
1663,rohani
1664,megah
1665,bagus sekali
1666,kemegahan
1667,spontan
1668,sporty
1669,bersih
1670,sigap
1671,stabilitas
1672,menstabilkan
1673,stabil
1674,tahan karat
1675,menonjol
1676,state-of-the-art
1677,megah
1678,seperti patung
1679,setia
1680,kukuh
1681,staunchness
1682,tabah
1683,tetap
1684,ketabahan
1685,mantap
1686,kemantapan
1687,menenangkan
1688,bintang
1689,bintang
1690,merangsang
1691,merangsang
1692,merangsang
1693,rangsang
1694,aduk
1695,meluruskan
1696,mudah
1697,efisien
1698,menyolok
1699,mencolok
1700,berjuang
1701,kuat
1702,lebih kuat
1703,terkuat
1704,tertegun
1705,menakjubkan
1706,memukau
1707,menakjubkan
1708,stupendously
1709,lebih kokoh
1710,kokoh
1711,bergaya
1712,penuh gaya
1713,bergaya
1714,ramah tamah
1715,suavely
1716,sublim
1717,menyubsidi
1718,disubsidi
1719,mensubsidi
1720,mensubsidi
1721,substantif
1722,berhasil
1723,berhasil
1724,berhasil
1725,berhasil
1726,sukses
1727,keberhasilan
1728,keberhasilan
1729,sukses
1730,berhasil
1731,cukup
1732,cukup
1733,cukup
1734,cukup
1735,cukup
1736,cocok
1737,mewah
1738,mewah
1739,kemewahan
1740,super
1741,hebat
1742,luar biasa
1743,unggul
1744,keunggulan
1745,luwes
1746,mendukung
1747,didukung
1748,pendukung
1749,mendukung
1750,mendukung
1751,mendukung
1752,supremasi
1753,tertinggi
1754,amat
1755,supurb
1756,supurbly
1757,mengatasi
1758,melampaui
1759,tidak nyata
1760,bertahan hidup
1761,selamat
1762,keberlanjutan
1763,berkelanjutan
1764,mewah
1765,swankier
1766,swankiest
1767,megah
1768,luas
1769,manis
1770,mempermanis
1771,kekasih
1772,manis
1773,rasa manis
1774,cepat
1775,kecepatan
1776,bakat
1777,berbakat
1778,bakat
1779,menggoda
1780,menggoda
1781,sangat
1782,menggoda
1783,menggoda
1784,menggoda
1785,gigih
1786,gigih
1787,keuletan
1788,lembut
1789,dengan lembut
1790,hebat
1791,terrifically
1792,terima kasih
1793,berterimakasih
1794,lebih tipis
1795,bijaksana
1796,dengan serius
1797,perhatian
1798,penghematan
1799,hemat
1800,sensasi
1801,senang
1802,mendebarkan
1803,mendebarkan
1804,sensasi
1805,berkembang
1806,berkembang
1807,jempol
1808,jempolan
1809,menggelitik
1810,rapi
1811,waktu-dihormati
1812,tepat waktu
1813,menggelenyar
1814,merangsang
1815,titillating
1816,sangat menggoda
1817,kebersamaan
1818,lumayan
1819,bebas pulsa
1820,puncak
1821,hasil terbaik
1822,Kualitas terbaik
1823,hasil terbaik
1824,puncak
1825,sulit
1826,lebih keras
1827,terberat
1828,daya tarik
1829,tenang
1830,ketenangan
1831,transparan
1832,harta
1833,sangat
1834,trendi
1835,kemenangan
1836,kemenangan
1837,berjaya
1838,penuh kemenangan
1839,sepele
1840,piala
1841,bebas masalah
1842,truf
1843,terompet
1844,kepercayaan
1845,dipercaya
1846,percaya
1847,percaya
1848,kepercayaan
1849,dapat dipercaya
1850,terpercaya
1851,jujur
1852,sesungguhnya
1853,kejujuran
1854,twinkly
1855,ultra garing
1856,tak tahu malu
1857,tanpa malu-malu
1858,tidak terpengaruh
1859,yg tak dpt disangkal
1860,tak terkalahkan
1861,tidak bias
1862,tidak terikat
1863,tidak rumit
1864,tak bersyarat
1865,utuh
1866,berani
1867,bisa dimengerti
1868,tak terbantahkan
1869,tak terbantahkan
1870,tak terbantahkan
1871,tidak terbebani
1872,tegas
1873,tegas
1874,tidak terpengaruh
1875,tidak terkekang
1876,tak terlupakan
1877,kesatuan
1878,tak terbatas
1879,tiada bandingan
1880,tak tertandingi
1881,tidak diragukan lagi
1882,tidak diragukan lagi
1883,tidak nyata
1884,tidak terbatas
1885,tak ada taranya
1886,tidak egois
1887,teguh
1888,pukulan yg tdk keras
1889,upgradable
1890,upgradeable
1891,ditingkatkan
1892,ditegakkan
1893,menegakkan
1894,mengangkat
1895,menggembirakan
1896,upliftingly
1897,upliftment
1898,kelas atas
1899,dapat digunakan
1900,bisa digunakan
1901,berguna
1902,mudah digunakan
1903,user-diganti
1904,berani
1905,dengan gagah berani
1906,keberanian
1907,berharga
1908,variasi
1909,memuliakan
1910,dapat diverifikasi
1911,benar
1912,serba guna
1913,fleksibilitas
1914,bersemangat
1915,berseri-seri
1916,berjaya
1917,kemenangan
1918,dapat dilihat
1919,kewaspadaan
1920,waspada
1921,kebajikan
1922,berbudi luhur
1923,virtuously
1924,visioner
1925,lincah
1926,jelas
1927,menjamin
1928,bersedia melakukan
1929,hangat
1930,lebih hangat
1931,hati hati
1932,dengan hangat
1933,kehangatan
1934,kaya
1935,SELAMAT DATANG
1936,baik
1937,well-backlit
1938,seimbang
1939,berperilaku baik
1940,kesejahteraan
1941,baik dibesarkan
1942,terhubung dengan baik
1943,terdidik
1944,mapan
1945,baik informasi
1946,niat baik
1947,terkenal
1948,dibuat dengan baik
1949,dikelola dengan baik
1950,santun
1951,posisi yang baik
1952,diterima dengan baik
1953,dianggap baik
1954,baik bulat
1955,dikelola dengan baik
1956,simpatisan baik
1957,kesejahteraan
1958,siapa
1959,sepenuh hati
1960,sehat
1961,whooa
1962,whoooa
1963,patuh
1964,rela
1965,rela
1966,kerelaan
1967,menang
1968,durian runtuh
1969,bisa dimenangkan
1970,pemenang
1971,pemenang
1972,kemenangan
1973,menang
1974,kebijaksanaan
1975,bijaksana
1976,dengan bijak
1977,jenaka
1978,won
1979,bertanya-tanya
1980,hebat
1981,sangat
1982,ajaib
1983,Dengan heran
1984,keajaiban
1985,menakjubkan
1986,merayu
1987,kerja
1988,bisa diterapkan
1989,bekerja
1990,bekerja
1991,terkenal di dunia
1992,bernilai
1993,bermanfaat
1994,kelayakan
1995,bermanfaat
1996,layak
1997,Wow
1998,kagum
1999,melayang
2000,wows
2001,yay
2002,muda
2003,semangat
2004,puncak
2005,semangat
2006,bergairah
2007,kejam
2008,kafir
2009,tangan berat
2010,berat hati
2011,heck
2012,menggoda
2013,heckled
2014,heckles
2015,sibuk
2016,pagar
2017,hedonistik
2018,tidak sopan
2019,besar dan kuat
2020,hegemonisme
2021,hegemonistik
2022,hegemoni
2023,mengerikan
2024,neraka
2025,bengkak
2026,anak nakal
2027,neraka
2028,tak berdaya
2029,tak berdaya
2030,ketidakberdayaan
2031,bidaah
2032,sesat
2033,sesat
2034,ragu-ragu
2035,hestitant
2036,mengerikan
2037,menyeramkan
2038,mengerikan
2039,harga tinggi
2040,hiliarious
2041,menghalangi
2042,halangan
2043,mendesis
2044,desisnya
2045,desis
2046,ho-hum
2047,timbunan
2048,berita palsu
2049,pincang
2050,babi
2051,berongga
2052,hoodium
2053,menipu
2054,penjahat
2055,putus asa
2056,tanpa harapan
2057,keputusasan
2058,gerombolan
2059,menghebohkan
2060,horrendously
2061,mengerikan
2062,mengerikan
2063,mengerikan
2064,ngeri
2065,mengerikan
2066,menakuti
2067,mengerikan
2068,ngeri
2069,sandera
2070,bermusuhan
2071,pertempuran
2072,permusuhan
2073,hotbeds
2074,pemberang
2075,pemarah
2076,rumah kaca
2077,keangkuhan
2078,tukang jualan
2079,bersenandung
2080,lembab
2081,menghina
2082,memalukan
2083,penghinaan
2084,bersenandung
2085,digantung
2086,menyakiti
2087,tersakiti
2088,menyakitkan
2089,menyakitkan
2090,sakit
2091,pemalu
2092,hype
2093,hipokomis
2094,kemunafikan
2095,munafik
2096,orang munafik
2097,munafik
2098,munafik
2099,histeri
2100,histeris
2101,histeris
2102,histeris
2103,histeris
2104,kebodohan
2105,kebodohan
2106,idiot
2107,bodoh
2108,idiot
2109,idiot
2110,diam
2111,tercela
2112,memalukan
2113,memalukan
2114,aib
2115,ketidakpedulian
2116,bodoh
2117,mengabaikan
2118,kurang ajar
2119,kurang dipahami
2120,tidak jelas
2121,kurang dirancang
2122,naas
2123,kurang disukai
2124,sakit-terbentuk
2125,tidak sopan
2126,tidak enak hati
2127,terselip
2128,pemarah
2129,diperlakukan dengan buruk
2130,perlakuan buruk
2131,penggunaan buruk
2132,buruk digunakan
2133,liar
2134,tidak sah
2135,haram
2136,gelap
2137,buta huruf
2138,penyakit
2139,tidak masuk akal
2140,tidak masuk akal
2141,tidak logis
2142,ilusi
2143,ilusi
2144,ilusi
2145,imajiner
2146,ketidakseimbangan
2147,dungu
2148,keruwetan
2149,tidak penting
2150,belum dewasa
2151,kesegeraan
2152,sebentar lagi
2153,tidak bergerak
2154,luar biasa
2155,tidak biasa
2156,tidak sopan
2157,asusila
2158,amoralitas
2159,tidak bermoral
2160,tak tergoyahkan
2161,merusak
2162,terganggu
2163,kebuntuan
2164,ketidaksabaran
2165,tidak sabar
2166,tidak sabar
2167,mendakwa
2168,impedansi
2169,menghalangi
2170,halangan
2171,mendatang
2172,impeniten
2173,tidak sempurna
2174,ketidaksempurnaan
2175,ketidaksempurnaan
2176,tidak sempurna
2177,imperialis
2178,membahayakan
2179,angkuh
2180,angkuh
2181,yg tdk diizinkan
2182,impersonal
2183,kurang ajar
2184,terburu nafsu
2185,impetuously
2186,ketiadaan rasa hormat
2187,menimpa
2188,tak beriman
2189,kepala batu
2190,tidak masuk akal
2191,tidak masuk akal
2192,melibatkan
2193,implikasi
2194,meledak
2195,tidak sopan
2196,tanpa batas
2197,kasar
2198,mendesak
2199,mendesak
2200,memaksakan
2201,orang yang tidak waras
2202,memaksakan
2203,pengenaan
2204,mustahil
2205,kemustahilan
2206,mustahil
2207,impoten
2208,memiskinkan
2209,miskin
2210,tidak praktis
2211,mengutuk
2212,tidak tepat
2213,tidak tepat
2214,ketidaktepatan
2215,memenjarakan
2216,hukuman penjara
2217,ketidakmungkinan
2218,mustahil
2219,tidak mungkin
2220,tidak benar
2221,tidak benar
2222,ketidakpantasan
2223,kelalaian
2224,lalai
2225,kelancangan
2226,kurang ajar
2227,tidak sopan
2228,meragukan
2229,impulsif
2230,impulsif
2231,impunitas
2232,najis
2233,ketidakmurnian
2234,ketidakmampuan
2235,ketidakakuratan
2236,ketidaktelitian
2237,tidak akurat
2238,secara tidak akurat
2239,kelambanan
2240,tidak aktif
2241,kekurangan
2242,tidak memadai
2243,tidak memadai
2244,inadverent
2245,inadverently
2246,tidak bijaksana
2247,tidak disarankan
2248,bodoh
2249,inaely
2250,tidak pantas
2251,Tidak pantas
2252,tdk tepat
2253,ketidakcakapan
2254,tdk jelas
2255,leha
2256,tak terdengar
2257,tidak mampu
2258,tidak mungkin
2259,tidak berhati-hati
2260,pembakar
2261,dupa
2262,tak henti-hentinya
2263,tanpa henti
2264,menghasut
2265,hasutan
2266,ketidaksopanan
2267,buruk
2268,yg tdk tahu sama sekali
2269,ketidaklogisan
2270,kacau
2271,tidak jelas
2272,tidak mungkin
2273,tak tertandingi
2274,tak terbanding
2275,ketidakmampuan
2276,ketidakcocokan
2277,tidak sesuai
2278,ketidakmampuan
2279,tidak kompeten
2280,tidak kompeten
2281,tidak lengkap
2282,tidak kompeten
2283,tidak bisa dimengerti
2284,Ketidakpastian
2285,tak terbayangkan
2286,tak terbayangkan
2287,tidak masuk akal
2288,tidak senonoh
2289,ngawur
2290,ngawur
2291,tidak penting
2292,tidak penting
2293,tidak pengertian
2294,tidak masuk akal
2295,tidak konsisten
2296,ketidakkonsistenan
2297,ketidakkonsistenan
2298,tidak konsisten
2299,tidak dapat dihibur
2300,inconsolably
2301,tidak kekal
2302,kerepotan
2303,tidak nyaman
2304,salah
2305,salah
2306,tidak dapat diperbaiki
2307,tak tergoyahkan
2308,tidak percaya
2309,tidak percaya
2310,menanamkan
2311,ketidaksenonohan
2312,tidak senonoh
2313,tidak senonoh
2314,keraguan
2315,bimbang
2316,ragu-ragu
2317,ketidakpantasan
2318,tidak dapat dipertahankan
2319,kasar
2320,tak terhitung
2321,tidak pasti
2322,tak tentu
2323,pengabaian
2324,acuh tak acuh
2325,miskin
2326,marah
2327,dengan marah
2328,kemarahan
2329,penghinaan
2330,yg tak dpt dibedakan
2331,tidak bijaksana
2332,tak jelas
2333,ketidakbijaksanaan
2334,sembarangan
2335,tanpa pandang bulu
2336,tanpa pandang bulu
2337,tidak bisa dibedakan
2338,mengindoktrinasikan
2339,indoktrinasi
2340,malas
2341,memanjakan diri
2342,tidak efektif
2343,tidak efektif
2344,tidak efektif
2345,tidak efektif
2346,tidak efektif
2347,tidak efektif
2348,tdk efisien
2349,ketidakefisienan
2350,ketidakefisienan
2351,tidak efisien
2352,tidak efisien
2353,sifat tdk bersemarak
2354,janggal
2355,tidak memenuhi syarat
2356,ineloquent
2357,inlinquently
2358,tidak kompeten
2359,tindakan yg bodoh
2360,tidak kompeten
2361,ketidaksetaraan
2362,ketidaksamaan
2363,tidak adil
2364,tidak adil
2365,ketidakadilan
2366,tak terhindarkan
2367,tak terhindarkan
2368,tdk penting
2369,tak terelakkan
2370,mau tak mau
2371,tidak bisa dimaafkan
2372,tidak dapat dimaafkan
2373,tak terhindarkan
2374,tak terelakkan
2375,kurang pengalaman
2376,tidak berpengalaman
2377,tdk cakap
2378,tidak teratur
2379,yg tak dpt diampuni
2380,tidak bisa dijelaskan
2381,tidak dapat dipisahkan
2382,tidak dapat dipisahkan
2383,terkenal
2384,infamously
2385,keburukan
2386,terinfeksi
2387,infeksi
2388,infeksi
2389,inferior
2390,inferioritas
2391,celaka
2392,menduduki
2393,penuh
2394,kafir
2395,orang kafir
2396,infiltran
2397,infiltrator
2398,lemah
2399,terangsang
2400,peradangan
2401,inflamasi
2402,meradang
2403,meningkat
2404,inflasi
2405,tidak fleksibel
2406,menimbulkan
2407,pelanggaran
2408,melanggar
2409,pelanggaran
2410,pelanggaran
2411,memanaskan
2412,geram
2413,menyebalkan
2414,menyebalkan
2415,memalukan
2416,menipu
2417,rasa tidak berterimakasih
2418,menghalangi
2419,inhibisi
2420,tidak ramah
2421,tidak ramah
2422,tidak manusiawi
2423,tidak manusiawi
2424,kebiadaban
2425,bermusuhan
2426,secara tidak sengaja
2427,bengis
2428,kedurhakaan
2429,gegabah
2430,melukai
2431,berbahaya
2432,cedera
2433,ketidakadilan
2434,ketidakadilan
2435,sindiran
2436,tidak bisa dioperasi
2437,sial
2438,banyak sekali
2439,inordinately
2440,gila
2441,gila
2442,penyakit jiwa
2443,tak pernah puas
2444,tidak aman
2445,ketidakamanan
2446,pingsan
2447,tidak peka
2448,tidak sensitif
2449,tidak peka
2450,berbahaya
2451,diam
2452,tidak penting
2453,tidak signifikan
2454,tidak signifikan
2455,bermuka dua
2456,tidak tulus
2457,ketidaktulusan
2458,menyusup
2459,menyindir
2460,sindiran
2461,insociable
2462,penghinaan
2463,kurang ajar
2464,kurang ajar
2465,bangkrut
2466,keadaan acuh tak acuh
2467,ketidakstabilan
2468,tidak stabil
2469,menghasut
2470,penghasut
2471,penghasut
2472,durhaka
2473,tdk kuat
2474,secara substansial
2475,tak tertahankan
2476,tak tertahankan
2477,ketidakcukupan
2478,tidak cukup
2479,tidak cukup
2480,picik
2481,menghina
2482,terhina
2483,menghina
2484,menghina
2485,penghinaan
2486,tidak dapat diatasi
2487,tidak dapat dipercaya
2488,tidak dapat diatasi
2489,tidak dapat diatasi
2490,pemberontakan
2491,intefere
2492,inteferes
2493,intens
2494,mengganggu
2495,gangguan
2496,mengganggu
2497,berselang
2498,mengganggu
2499,gangguan
2500,interupsi
2501,mengancam
2502,mengintimidasi
2503,mengintimidasi
2504,intimidasi
2505,tak tertahankan
2506,tidak toleran
2507,intoleransi
2508,memabukkan
2509,keras kepala
2510,kekerasan pendirian
2511,berkeras pendirian
2512,mengganggu
2513,intrusi
2514,mengganggu
2515,membanjiri
2516,terendam banjir
2517,penyerbu
2518,tidak sah
2519,tidak berlaku lagi
2520,ketidakabsahan
2521,invasif
2522,makian
2523,membujuk
2524,yg menyakitkan hati
2525,dengan sengaja
2526,invidiousness
2527,tak terlihat
2528,tanpa disengaja
2529,tidak disengaja
2530,berang
2531,marah
2532,iringan
2533,kemarahan
2534,menjengkelkan
2535,kesal
2536,kesal
2537,irks
2538,menjemukan
2539,irksomely
2540,Ketidaksempurnaan
2541,irksomenesses
2542,ironis
2543,ironis
2544,ironisnya
2545,ironi
2546,ironi
2547,irragularitas
2548,irasional
2549,irasionalitas
2550,irasionalitas
2551,irasionalitas
2552,tidak rasional
2553,irrationals
2554,tidak dapat didamaikan
2555,irrecoverable
2556,irrecoverableness
2557,irrecoverablenesses
2558,irrecoverably
2559,yg tdk dpt ditukar
2560,irredeemably
2561,tidak beralasan
2562,tidak beraturan
2563,ketidakteraturan
2564,ketidakrelevanan
2565,tidak relevan
2566,tidak dapat diperbaiki
2567,tak tergantikan
2568,tak tertahankan
2569,tdk tegas
2570,tak terpecahkan
2571,tidak bertanggung jawab
2572,tidak bertanggung jawab
2573,irafasi
2574,yg tak dpt ditebus
2575,ireversibel
2576,rongseng
2577,kesal
2578,mengiritasi
2579,mengganggu
2580,jengkel
2581,menjengkelkan
2582,gangguan
2583,iritasi
2584,memisahkan
2585,terpencil
2586,isolasi
2587,isu
2588,masalah
2589,gatal
2590,gatal
2591,gatal
2592,mengoceh
2593,letih
2594,bergerigi
2595,selai
2596,menggelegar
2597,kuning
2598,cemburu
2599,cemburu
2600,kecemburuan
2601,kecemburuan
2602,mengejek
2603,mengejek
2604,mengejek
2605,ejekan
2606,membahayakan
2607,bahaya
2608,menyentakkan
2609,tersentak
2610,naik opelet
2611,kegugupan
2612,gelisah
2613,membunuh pekerjaan
2614,pengangguran
2615,lelucon
2616,pelawak
2617,sentakan
2618,hakim
2619,juddering
2620,hakim
2621,gelisah
2622,sampah
2623,bermutu rendah
2624,tempat barang rongsokan
2625,jutter
2626,jutawan
2627,kaput
2628,membunuh
2629,terbunuh
2630,pembunuh
2631,pembunuhan
2632,killjoy
2633,membunuh
2634,bajingan
2635,pisau
2636,ketukan
2637,kusut
2638,kook
2639,kooky
2640,kekurangan
2641,lesu
2642,tidak memiliki
2643,pesuruh
2644,bukan dari TripAdvisor LLC
2645,kurang
2646,tidak bersemangat
2647,kurang
2648,singkat
2649,ketinggalan
2650,tertinggal
2651,tertinggal
2652,laggy
2653,kelambatan
2654,diberhentikan
2655,lambast
2656,menegur
2657,timpang
2658,lumpuh-bebek
2659,meratapi
2660,menyedihkan
2661,lamentably
2662,lesu
2663,merana
2664,ketenangan
2665,lesu
2666,languorously
2667,kurus
2668,selang
2669,bekas
2670,penyimpangan
2671,gasang
2672,terakhir
2673,latency
2674,menggelikan
2675,laughably
2676,bahan tertawaan
2677,pelanggar hukum
2678,melanggar hukum
2679,tanpa hukum
2680,pelanggaran hukum
2681,PHK
2682,PHK-bahagia
2683,malas
2684,kebocoran
2685,kebocoran
2686,kebocoran
2687,bocor
2688,kebocoran
2689,bocor
2690,nafsu berahi
2691,bandot
2692,bejat
2693,pelepasan nafsu berahi
2694,lintah
2695,lirik
2696,curiga
2697,kiri-bersandar
2698,lemon
2699,panjang
2700,kurang berkembang
2701,kurang dikenal
2702,Letch
2703,letal
2704,lesu
2705,kelesuan
2706,cabul
2707,cabul
2708,kekotoran
2709,kewajiban
2710,bertanggung jawab
2711,pembohong
2712,pembohong
2713,cabul
2714,licentiously
2715,licentiousness
2716,berbohong
2717,bohong
2718,lier
2719,kebohongan
2720,mengancam nyawa
2721,tak bernyawa
2722,membatasi
2723,keterbatasan
2724,keterbatasan
2725,terbatas
2726,batas
2727,lemas
2728,lesu
2729,suka beperkara
2730,sedikit diketahui
2731,marah
2732,dengan jelas
2733,segan
2734,benci
2735,kebencian
2736,membenci
2737,menjijikkan
2738,menjijikkan
2739,sendirian
2740,kesendirian
2741,kesepian
2742,seorang penyendiri
2743,kesepian
2744,lama
2745,bertele-tele
2746,kerinduan
2747,rindu
2748,jalan keluar
2749,celah
2750,longgar
2751,menjarah
2752,malang
2753,kalah
2754,pecundang
2755,pecundang
2756,kalah
2757,kekalahan
2758,kerugian
2759,kerugian
2760,kalah
2761,keras
2762,lebih keras
2763,jelek
2764,tanpa cinta
2765,mabuk kepayang
2766,rendah
2767,rendah
2768,lucu
2769,ludicrously
2770,murung
2771,suam-suam kuku
2772,menidurkan
2773,kental
2774,gila
2775,lunatisme
2776,kecenderungan
2777,memikat
2778,seram
2779,mengintai
2780,mengintai
2781,bohong
2782,mengerikan
2783,gila
2784,menjengkelkan
2785,menjengkelkan
2786,menjengkelkan
2787,gila
2788,sangat
2789,orang gila
2790,kegilaan
2791,maladjusted
2792,ketidakmampuan menyesuaikan diri
2793,penyakit
2794,rasa tidak enak
2795,yg tdk senang
2796,tidak puas
2797,maledict
2798,kedengkian
2799,jahat
2800,tidak enak
2801,kebencian
2802,jahat
2803,jahat
2804,keburukan
2805,memfitnah
2806,ganas
2807,yg berbau busuk
2808,penganiayaan
2809,mengoyakkan
2810,kompong
2811,mangles
2812,mangling
2813,mania
2814,gila
2815,gila
2816,manik
2817,memanipulasi
2818,manipulasi
2819,manipulatif
2820,manipulator
2821,merusak
2822,marjinal
2823,sedikit
2824,kesyahidan
2825,pencarian syahid
2826,tumbuk
2827,pembantaian
2828,pembantaian
2829,matte
2830,mudah terharu
2831,mawkishly
2832,mawkishness
2833,kurus
2834,tak berarti
2835,keburukan
2836,sangat sedikit
2837,mencampuri
2838,mencela
2839,biasa saja
2840,biasa-biasa saja
2841,melankolis
2842,melodramatis
2843,melodramatis
2844,kehancuran
2845,ancaman
2846,mengancam
2847,mengancam
2848,berdusta
2849,dusta
2850,kasar
2851,tanpa belas kasihan
2852,tanpa ampun
2853,kekacauan
2854,kacau
2855,messes
2856,mengacaukan
2857,kacau
2858,cebol
2859,pertengkaran sengit
2860,militansi
2861,tak ada artinya
2862,tanpa berpikir
2863,fatamorgana
2864,lumpur
2865,misalign
2866,tidak sejajar
2867,misaligns
2868,salah mengerti
2869,bertindak tdk pantas
2870,salah tanggap
2871,jadah
2872,berbuat jahat
2873,kelakuan buruk
2874,salah hitung
2875,kesalahan hitung
2876,miscellaneous
2877,Tukang onar
2878,nakal
2879,nakal
2880,kesalahpahaman
2881,kesalahpahaman
2882,bajingan
2883,penjahat
2884,salah arah
2885,orang kikir
2886,sedih
2887,miserableness
2888,menyedihkan
2889,kesengsaraan
2890,kikir
2891,penderitaan
2892,tidak cocok
2893,kemalangan
2894,perasaan waswas
2895,waswas
2896,pimpinan salah
2897,menyesatkan pikiran
2898,sesat
2899,menyalahgunakan
2900,kecelakaan
2901,salah informasi
2902,salah informasi
2903,salah menafsirkan
2904,salah menilai
2905,salah pikiran
2906,menyesatkan
2907,menyesatkan
2908,menyesatkan
2909,mislike
2910,salah mengurus
2911,salah mengucapkan
2912,salah paham
2913,mispronounces
2914,salah membaca
2915,salah baca
2916,membalikkan
2917,keliru
2918,kehilangan
2919,tidak terjawab
2920,rindu
2921,salah saji
2922,kabut
2923,kesalahan
2924,salah
2925,salah
2926,kesalahan
2927,salah
2928,nyonya
2929,ketidakpercayaan
2930,curiga
2931,tidak percaya
2932,kabut
2933,salah paham
2934,salah paham
2935,kesalahpahaman
2936,disalahpahami
2937,penyalahgunaan
2938,mengerang
2939,mafia
2940,mengejek
2941,diejek
2942,mockeries
2943,ejekan
2944,mengejek
2945,mengejek
2946,mengolok-olok
2947,menganiaya
2948,penganiayaan
2949,membosankan
2950,kesamaan
2951,raksasa
2952,monstrositas
2953,monstrositas
2954,raksasa
2955,sangat mengerikan
2956,murung
2957,diperdebatkan
2958,bermuram
2959,mengerikan
2960,tidak sehat
2961,pedas
2962,mordantly
2963,hampir mati
2964,bodoh
2965,tolol
2966,orang bodoh
2967,malu
2968,malu
2969,membuat malu
2970,memalukan
2971,diam
2972,beraneka ragam
2973,meratapi
2974,pengiring jenazah
2975,sedih
2976,sedih
2977,kekacauan
2978,berlumpur
2979,tukang fitnah
2980,pengumpatan
2981,degil
2982,multi-polarisasi
2983,duniawi
2984,pembunuhan
2985,pembunuh
2986,kejam
2987,membunuh
2988,suram
2989,melenturkan otot
2990,lembek
2991,apak
2992,gaib
2993,misterius
2994,Misteri
2995,membingungkan
2996,mitos
2997,mengomel
2998,omelan
2999,naif
3000,dengan naifnya
3001,sempit
3002,nastily
3003,nastiness
3004,menjijikan
3005,nakal
3006,memuakkan
3007,mual
3008,memuakkan
3009,nauseatingly
3010,naif
3011,samar
3012,nebulously
3013,tidak perlu
3014,sia sia
3015,miskin
3016,jahat
3017,nefariously
3018,meniadakan
3019,penyangkalan
3020,negatif
3021,negatif
3022,negativitas
3023,mengabaikan
3024,terlantar
3025,kelalaian
3026,lalai
3027,nemesis
3028,nepotisme
3029,gugup
3030,gugup
3031,kegugupan
3032,jelatang
3033,nettlesome
3034,neurotik
3035,neurotically
3036,niggle
3037,niggles
3038,mimpi buruk
3039,mengerikan
3040,mimpi buruk
3041,nitpick
3042,nitpicking
3043,kebisingan
3044,suara
3045,ribut
3046,berisik
3047,tidak percaya diri
3048,tidak ada
3049,tidak responsif
3050,omong kosong
3051,yg ingin tahu
3052,kemasyhuran
3053,terkenal jahat
3054,terkenal
3055,berbahaya
3056,gangguan
3057,mati rasa
3058,gendut
3059,obyek
3060,keberatan
3061,tidak pantas
3062,keberatan
3063,miring
3064,melenyapkan
3065,dilenyapkan
3066,lupa
3067,buruk
3068,menjengkelkan
3069,cabul
3070,menjijikkan
3071,kecabulan
3072,mengaburkan
3073,dikaburkan
3074,mengaburkan
3075,ketidakjelasan
3076,menggoda
3077,obsesif
3078,obsesif
3079,obsesif
3080,usang
3081,hambatan
3082,keras kepala
3083,dengan keras kepala
3084,menghalangi
3085,terhambat
3086,menghalangi
3087,halangan
3088,menghalangi
3089,menonjol
3090,tumpul
3091,menutup jalan
3092,tersumbat
3093,tersumbat
3094,occluding
3095,aneh
3096,aneh
3097,paling aneh
3098,keanehan
3099,keanehan
3100,aneh
3101,bau
3102,pelanggaran
3103,menyinggung
3104,pelanggar
3105,menyinggung
3106,pelanggaran
3107,serangan
3108,ofensif
3109,offensiveness
3110,officious
3111,yg beralamat buruk
3112,tak menyenangkan
3113,kelalaian
3114,menghilangkan
3115,berat sebelah
3116,berat
3117,dgn sukar
3118,serangan gencar
3119,dogmatis
3120,lawan
3121,oportunistik
3122,menentang
3123,berlawanan
3124,oposisi
3125,menindas
3126,penindasan
3127,menindas
3128,secara menindas
3129,suasana menekan
3130,penindas
3131,siksaan
3132,anak yatim
3133,memboikot dr masyarakat
3134,pecahnya
3135,ledakan
3136,ledakan
3137,orang buangan
3138,teriakan
3139,penjahat
3140,kuno
3141,kebiadaban
3142,marah
3143,memalukan
3144,sangat
3145,keterlaluan
3146,kemarahan
3147,orang luar
3148,terlalu bertingkah laku
3149,mempesona
3150,terlalu seimbang
3151,over-hyped
3152,harga di atas
3153,over-valuation
3154,overact
3155,terlalu overacted
3156,mempesona
3157,lebihan
3158,melelahkan
3159,sombong
3160,terlalu berlebihan
3161,overblown
3162,kadung
3163,berlebihan
3164,terlambat
3165,terlalu menekankan
3166,menjadi terlalu panas
3167,berlebihan
3168,kelebihan beban
3169,mengabaikan
3170,membayar lebih
3171,kelebihan bayar
3172,overplay
3173,mengalahkan
3174,terlalu mahal
3175,overrated
3176,memperdayakan
3177,menyerbu
3178,membayangi
3179,kelalaian
3180,kelalaian
3181,penyederhanaan yang berlebihan
3182,terlalu disederhanakan
3183,menggampangkan
3184,kebesaran
3185,melebih-lebihkan
3186,dilebih-lebihkan
3187,berlebihan
3188,overstatements
3189,melebih-lebihkan
3190,overtaxed
3191,menggulingkan
3192,menggulingkan
3193,menggulingkan
3194,kegemukan
3195,membanjiri
3196,kewalahan
3197,luar biasa
3198,sangat
3199,kewalahan
3200,terlalu bersemangat
3201,terlalu bersemangat
3202,overzelous
3203,rasa sakit
3204,menyakitkan
3205,menyakitkan
3206,menyakitkan
3207,sakit
3208,pucat
3209,pales
3210,remeh
3211,panci
3212,kekacauan
3213,calo
3214,pandering
3215,panders
3216,panik
3217,panik
3218,panik
3219,panik
3220,panik
3221,paradoksal
3222,secara paradoks
3223,paralize
3224,lumpuh
3225,paranoia
3226,paranoid
3227,parasit
3228,paria
3229,parodi
3230,keberpihakan
3231,partisan
3232,partisan
3233,yg ketinggalan jaman
3234,pasif
3235,ketidakpedulian
3236,menyedihkan
3237,menyedihkan
3238,berlangganan
3239,kekurangan
3240,orang miskin
3241,orang miskin
3242,payback
3243,aneh
3244,secara khusus
3245,bengah
3246,terkupas
3247,mengesalkan
3248,kesal
3249,kesal
3250,dengan murung
3251,menghukum
3252,penalti
3253,durhaka
3254,perfusi
3255,acuh tak acuh
3256,bahaya
3257,berbahaya
3258,sangat berbahaya
3259,binasa
3260,jahat
3261,membingungkan
3262,bingung
3263,membingungkan
3264,kebingungan
3265,menganiaya
3266,penganiayaan
3267,gigih
3268,pertinaciously
3269,ketabahan
3270,mengganggu
3271,gelisah
3272,meresap
3273,jahat
3274,aneh
3275,pemutarbalikan
3276,kejahatan
3277,menyesatkan
3278,sesat
3279,penyimpang
3280,pesimisme
3281,pesimistis
3282,pesimis
3283,hama
3284,berbisa
3285,membatu
3286,membatu
3287,pettifog
3288,picik
3289,fobi
3290,fobia
3291,palsu
3292,piket
3293,picketed
3294,pemalsuan
3295,piket
3296,pilih-pilih
3297,babi
3298,babi
3299,menjarah
3300,mengumumkan kekurangan
3301,jerawat
3302,mencubit
3303,kekesalan
3304,menyedihkan
3305,menyedihkan
3306,menyedihkan
3307,kejam
3308,tanpa ampun
3309,harga murah
3310,kasihan
3311,menjiplak tulisan
3312,wabah
3313,plasticky
3314,alat permainan
3315,permohonan
3316,permohonan
3317,kampungan
3318,keadaan buruk
3319,merencanakan
3320,komplotan
3321,cara
3322,menjarah
3323,penjarah
3324,tak berarti
3325,tanpa tujuan
3326,meracuni
3327,beracun
3328,beracun
3329,pokey
3330,sempit
3331,polarisasi
3332,mempolemikkan
3333,mengotori
3334,pengotor
3335,pencemar
3336,polusi
3337,sombong
3338,miskin
3339,miskin
3340,paling miskin
3341,buruk
3342,sikap
3343,mencibir
3344,kemiskinan
3345,tidak berdaya
3346,omong kosong
3347,pratfall
3348,ocehan
3349,genting
3350,genting
3351,mengendapkan
3352,terjal
3353,buas
3354,keadaan sulit
3355,prasangka
3356,prasangka
3357,prasangka
3358,merugikan
3359,terencana
3360,menyita pikiran
3361,tidak masuk akal
3362,tidak masuk akal
3363,lancang
3364,sombong
3365,sambilan
3366,berpura-pura
3367,sambilan
3368,megah
3369,megah
3370,berbohong
3371,mahal
3372,pricier
3373,tusukan
3374,duri
3375,tengkuk
3376,sombong
3377,prik
3378,primitif
3379,penjara
3380,tawanan
3381,masalah
3382,bermasalah
3383,masalah
3384,menunda
3385,menunda-nunda
3386,penundaan
3387,duniawi
3388,senonoh
3389,melarang
3390,terlalu tinggi
3391,terlarang
3392,propaganda
3393,mempropagandakan
3394,hak milik
3395,menuntut
3396,protes
3397,protes
3398,memprotes
3399,protes
3400,larut
3401,provokasi
3402,provokatif
3403,memprovokasi
3404,membongkar
3405,garang
3406,pugnaciously
3407,kegarangan
3408,meninju
3409,menghukum
3410,dihukum
3411,hukuman
3412,punk
3413,lemah
3414,wayang
3415,boneka
3416,bingung
3417,kebingungan
3418,membingungkan
3419,dukun
3420,rasa cemas
3421,keraguan
3422,kebingungan
3423,bertengkar
3424,bertele-tele
3425,quarrellously
3426,pertengkaran
3427,bertengkar
3428,membatalkan
3429,aneh
3430,dipertanyakan
3431,berdalih
3432,quibbles
3433,gusar
3434,fanatik
3435,rasisme
3436,rasis
3437,rasis
3438,bersemangat
3439,radikal
3440,radikalisasi
3441,secara radikal
3442,radikal
3443,kemarahan
3444,kasar
3445,hebat
3446,rel
3447,meraup
3448,mengamuk
3449,merajalela
3450,reyot
3451,dendam
3452,secara acak
3453,tertanam di hati
3454,kata-kata kasar
3455,mengomel
3456,mengomel
3457,penuh riang
3458,rants
3459,memperkosa
3460,diperkosa
3461,memperkosa
3462,bajingan
3463,bajingan
3464,ruam
3465,berdetak
3466,terguncang
3467,bergetar
3468,merusak
3469,ocehan
3470,reaksioner
3471,memberontak
3472,rebuff
3473,menegur
3474,bandel
3475,menarik kembali
3476,resesi
3477,resesi
3478,sembrono
3479,secara serampangan
3480,kenekatan
3481,mundur
3482,sumber daya
3483,redundansi
3484,mubazir
3485,penolakan
3486,menolak
3487,menolak
3488,menolak
3489,penolakan
3490,sanggahan
3491,menyangkal
3492,disangkal
3493,membantah
3494,membantah
3495,regresi
3496,regresi
3497,regresif
3498,penyesalan
3499,menyesal
3500,sedih
3501,Dengan menyesal
3502,penyesalan
3503,disesalkan
3504,dgn disesalkan
3505,menyesal
3506,menolak
3507,ditolak
3508,menolak
3509,penolakan
3510,menolak
3511,kambuh
3512,tanpa henti
3513,tanpa henti
3514,tanpa henti
3515,keengganan
3516,enggan
3517,enggan
3518,penyesalan
3519,penyesalan
3520,dengan menyesal
3521,kejam
3522,tanpa ampun
3523,kekonyolan
3524,meninggalkan
3525,penolakan
3526,mengusir
3527,berulang-ulang
3528,tercela
3529,tercela
3530,celaan
3531,reprehensive
3532,menekan
3533,represi
3534,represif
3535,teguran
3536,mencela
3537,penuh celaan
3538,menegur
3539,menegur
3540,menolak
3541,penolakan
3542,menjijikkan
3543,kebencian
3544,menjijikkan
3545,menjijikkan
3546,memukul mundur
3547,jijik
3548,repulsing
3549,menjijikkan
3550,menjijikkan
3551,kebodohan
3552,benci
3553,marah
3554,kebencian
3555,pengunduran diri
3556,mengundurkan diri
3557,perlawanan
3558,gelisah
3559,kegelisahan
3560,membatasi
3561,terbatas
3562,larangan
3563,bersifat membatasi
3564,bangkit kembali
3565,membalas
3566,balas dendam
3567,memperlambat
3568,terbelakang
3569,keterbelakangan
3570,menghambat
3571,segan
3572,menarik
3573,mundur
3574,mundur
3575,balas dendam
3576,balas dendam
3577,balas dendam
3578,kembali
3579,mencaci
3580,dicaci maki
3581,mencabut
3582,memberontak
3583,menjijikkan
3584,memberontak
3585,perubahan
3586,yg membelok perhatian
3587,rhapsodize
3588,retorik
3589,retoris
3590,ricer
3591,ejekan
3592,ejekan
3593,konyol
3594,ridiculously
3595,penuh
3596,keretakan
3597,perpecahan
3598,kaku
3599,kekakuan
3600,kekakuan
3601,menggusarkan
3602,gusar
3603,meninggal dunia
3604,meretas
3605,meretas
3606,robek
3607,risiko
3608,risiko
3609,berisiko
3610,saingan
3611,persaingan
3612,penghalang jalan
3613,berbatu
3614,penipu
3615,rollercoaster
3616,membusuk
3617,busuk
3618,kasar
3619,rremediable
3620,sampah
3621,kasar
3622,menyesali
3623,bajingan
3624,membuat bingung
3625,kehancuran
3626,rusak
3627,merusak
3628,menghancurkan
3629,reruntuhan
3630,keroncongan
3631,isu
3632,rumor
3633,rumor
3634,meremas
3635,kehabisan
3636,melarikan diri
3637,pecah
3638,karat
3639,karat
3640,berkarat
3641,kebiasaan
3642,kejam
3643,tanpa ampun
3644,kekejaman
3645,roda gigi
3646,sabotase
3647,memecat
3648,dikorbankan
3649,sedih
3650,menyedihkan
3651,sedih
3652,kesedihan
3653,melengkung
3654,merosot
3655,menurun
3656,kendor
3657,sags
3658,cabul
3659,munafik
3660,getah
3661,sarkasme
3662,sarkastik
3663,sarkastik
3664,tajam
3665,sardonically
3666,kelancangan
3667,satiris
3668,menyindir
3669,biadab
3670,ganas
3671,kebiadaban
3672,orang liar
3673,bersisik
3674,penipuan
3675,penipuan
3676,skandal
3677,menghebohkan
3678,tersinggung
3679,memalukan
3680,skandal
3681,skandal
3682,scandel
3683,skandal
3684,sedikit
3685,kambing hitam
3686,bekas luka
3687,langka
3688,hampir tidak
3689,kelangkaan
3690,ketakutan
3691,takut
3692,menakutkan
3693,paling menakutkan
3694,scarily
3695,berbakat
3696,bekas luka
3697,mengerikan
3698,pedas
3699,pedas
3700,skeptis
3701,mencemoohkan
3702,secara mengejek
3703,memarahi
3704,dimarahi
3705,omelan
3706,memarahi
3707,terik
3708,scorchingly
3709,cemooh
3710,sinis
3711,mencemooh
3712,bajingan
3713,momok
3714,cemberut
3715,berebut
3716,tergesa-gesa
3717,mengacak
3718,berebut
3719,membatalkan
3720,menggaruk
3721,tergores
3722,goresan
3723,gatal
3724,berteriak
3725,jeritan
3726,kacau
3727,kacau
3728,kacau
3729,edan
3730,memukul
3731,lecet
3732,sampah
3733,berbuih
3734,kelas kedua
3735,lapis kedua
3736,rahasia
3737,tidak beraktivitas
3738,kumuh
3739,mendidih
3740,gelora
3741,kudeta diri
3742,kritik diri
3743,mengalahkan diri sendiri
3744,merusak diri sendiri
3745,penghinaan diri
3746,kepentingan pribadi
3747,mementingkan diri sendiri
3748,melayani diri sendiri
3749,tertarik
3750,egois
3751,egois
3752,egoisme
3753,semi-terbelakang
3754,pikun
3755,sensasional
3756,bodoh
3757,tidak masuk akal
3758,keseriusan
3759,berkhotbah
3760,perbudakan
3761,mempersiapkan
3762,kemunduran
3763,kemunduran
3764,memutuskan
3765,parah
3766,kerasnya
3767,sh * t
3768,lusuh
3769,gelap
3770,teduh
3771,menggoyang
3772,goyah
3773,dangkal
3774,palsu
3775,kekacauan
3776,malu
3777,memalukan
3778,secara memalukan
3779,memalukan
3780,tak tahu malu
3781,tanpa malu
3782,tak tahu malu
3783,hiu
3784,tajam
3785,pecah
3786,shemale
3787,berkilau
3788,bergetar
3789,Kecelakaan kapal
3790,melalaikan
3791,pelalaian
3792,kotoran
3793,menggigil
3794,syok
3795,terkejut
3796,mengejutkan
3797,teramat
3798,jelek
3799,berumur pendek
3800,kekurangan
3801,singkatnya
3802,kekurangan
3803,kekurangan
3804,sesak
3805,picik
3806,kepicikan
3807,pertikaian
3808,tikus
3809,menjerit
3810,melengking
3811,nyaring
3812,mengerut
3813,kain kafan
3814,terselubung
3815,mengangkat bahu
3816,menghindari
3817,dijauhi
3818,sakit
3819,jatuh sakit
3820,memuakkan
3821,secara menjijikkan
3822,sakitan
3823,penyakit
3824,mengalihkan
3825,teralihkan
3826,pengepungan
3827,sillily
3828,bodoh
3829,sederhana
3830,sederhana
3831,dosa
3832,penuh dosa
3833,berdosa
3834,jahat
3835,sinis
3836,wastafel
3837,tenggelamnya
3838,kerangka
3839,skeptis
3840,skeptis
3841,skeptis
3842,keraguan
3843,kurang lengkap
3844,minim
3845,kurus
3846,bergairah
3847,dengan canggung
3848,pemalas
3849,kendur
3850,fitnah
3851,pemfitnah
3852,fitnah
3853,fitnah
3854,fitnah
3855,menampar
3856,nekat
3857,pembantaian
3858,dibantai
3859,budak
3860,budak
3861,kotor
3862,lendir
3863,bekerja keras
3864,slogged
3865,slogging
3866,slogs
3867,sloooooooooooooow
3868,sloooow
3869,slooow
3870,sloow
3871,sembarangan
3872,ceroboh
3873,kemalasan
3874,malas
3875,lambat
3876,bergerak lambat
3877,melambat
3878,lebih lambat
3879,paling lambat
3880,perlahan
3881,lamban
3882,lamban
3883,slowwww
3884,siput
3885,lamban
3886,kemerosotan
3887,merosot
3888,merosot
3889,cercaan
3890,pelacur
3891,pelacur
3892,licik
3893,memukul
3894,bertubuh kecil
3895,menghancurkan
3896,mengolesi
3897,bau
3898,baunya
3899,berbau
3900,bau
3901,berbau
3902,mencium
3903,merokok
3904,tabir asap
3905,membara
3906,membara
3907,melimpahi
3908,membara
3909,membara
3910,noda
3911,berlepotan
3912,noda
3913,smudging
3914,sombong
3915,sombong
3916,jelaga
3917,smuttier
3918,smuttiest
3919,cabul
3920,merobek
3921,tersangkut
3922,tersangkut
3923,snags
3924,kasar
3925,dengan ceroboh
3926,jerat
3927,snarky
3928,menggeram
3929,menyelinap
3930,sneakily
3931,licik
3932,mengejek
3933,yg mengejek
3934,secara mengejek
3935,sombong
3936,tinggi hati
3937,gila hormat
3938,sombong
3939,sok
3940,penghinaan
3941,begitu-kal
3942,bersabun
3943,menangis
3944,siuman
3945,serius
3946,serius
3947,perhatian
3948,muram
3949,sakit
3950,sangat
3951,rasa sakit
3952,kesedihan
3953,sedih
3954,sedih
3955,Maaf
3956,asam
3957,masam
3958,sekop
3959,tamparan
3960,spendy
3961,memuntahkan
3962,dimuntahkan
3963,memuntahkan
3964,spews
3965,tumpah
3966,perawan tua
3967,tak bergairah
3968,dendam
3969,pendendam
3970,dengan dalih
3971,kecerobohan
3972,memerciki
3973,membagi
3974,pemisahan
3975,memanjakan
3976,pembusukan
3977,pembusukan
3978,manja
3979,ditunda
3980,rampasan
3981,menakuti
3982,spookier
3983,paling menakutkan
3984,Spookily
3985,menyeramkan
3986,sendok makan
3987,sendok makan
3988,spoonfed
3989,sporadis
3990,jerawatan
3991,palsu
3992,sepakan
3993,menggerutu
3994,bertengkar
3995,pertengkaran
3996,mengembara
3997,labu
3998,mencicit
3999,squeaks
4000,nyaring
4001,menjerit
4002,cengking
4003,jeritan
4004,menggeliat
4005,menusuk
4006,tergenang
4007,mandek
4008,stagnasi
4009,tenang dan serius
4010,noda
4011,noda
4012,basi
4013,jalan buntu
4014,kios
4015,warung
4016,gagap
4017,menyerbu
4018,macet
4019,telanjang
4020,starkly
4021,kejut
4022,menakjubkan
4023,mengejutkan
4024,kelaparan
4025,kelaparan
4026,statis
4027,mencuri
4028,pencurian
4029,mencuri
4030,curam
4031,dengan tajam
4032,bau
4033,stereotip
4034,stereotip
4035,secara stereotip
4036,buritan
4037,rebus
4038,lengket
4039,kaku
4040,kekakuan
4041,menahan
4042,gerah
4043,stiflingly
4044,stigma
4045,mencap
4046,menyengat
4047,pedas
4048,menyengat
4049,pelit
4050,bau
4051,bau
4052,kolot
4053,mencuri
4054,dicuri
4055,antek
4056,antek
4057,penuh badai
4058,berserakan
4059,orang yg tersesat
4060,ketegangan
4061,tegang
4062,tegang
4063,aneh
4064,anehnya
4065,orang asing
4066,aneh
4067,mencekik
4068,lekir
4069,berat
4070,menekankan
4071,tekanan
4072,penuh tekanan
4073,dengan stres
4074,terkena
4075,ketat
4076,dengan ketat
4077,melengking
4078,dengan sigap
4079,perselisihan
4080,menyerang
4081,ketat
4082,tegas
4083,memukul
4084,perjuangan
4085,berjuang
4086,perjuangan
4087,berjuang
4088,topangan
4089,keras kepala
4090,dengan keras kepala
4091,sikap keras kepala
4092,terjebak
4093,pengap
4094,tersandung
4095,tersandung
4096,tersandung
4097,tunggul
4098,bingung
4099,tunggul
4100,setrum
4101,pengganti
4102,kerdil
4103,bodoh
4104,terbodoh
4105,kebodohan
4106,bodoh
4107,bodoh
4108,membohongi
4109,pingsan
4110,gagap
4111,tergagap
4112,gagap
4113,gagap
4114,tembel
4115,terhalang
4116,sub-par
4117,lemah
4118,dikenakan
4119,penaklukan
4120,menundukkan
4121,penaklukan
4122,penurut
4123,bawahan
4124,panggilan
4125,panggilan pengadilan
4126,sikap tunduk
4127,patuh
4128,kurang lancar
4129,mengurangi
4130,subversi
4131,subversif
4132,subversif
4133,menumbangkan
4134,mengalah
4135,mengisap
4136,tersedot
4137,memperdaya
4138,menyebalkan
4139,sucky
4140,menuntut
4141,digugat
4142,sueing
4143,menggugat
4144,menderita
4145,menderita
4146,penderita
4147,penderita
4148,penderitaan
4149,menderita
4150,mati lemas
4151,mantel gula
4152,dilapisi gula
4153,dilapisi gula
4154,bunuh diri
4155,bunuh diri
4156,merajuk
4157,cemberut
4158,menodai
4159,memisahkan
4160,tenggelam
4161,cekung
4162,dangkal
4163,kedangkalan
4164,secara dangkal
4165,tak berguna
4166,takhyul
4167,bertakhyul
4168,menekan
4169,penekanan
4170,menyerah
4171,rentan
4172,tersangka
4173,kecurigaan
4174,kecurigaan
4175,mencurigakan
4176,curiga
4177,menyombongkan
4178,tenggelam
4179,berkeringat
4180,bengkak
4181,pembengkakan
4182,menipu
4183,babatan
4184,bengkak
4185,gejala
4186,gejala
4187,sindroma
4188,tabu
4189,norak
4190,noda
4191,tercemar
4192,tamper
4193,menjerat
4194,kusut
4195,kusut
4196,tangki
4197,mabuk
4198,tank
4199,mengamuk
4200,terlambat
4201,menodai
4202,ternoda
4203,lecet
4204,menodai
4205,compang-camping
4206,mengejek
4207,mengejek
4208,dgn mencemoohkan
4209,ejekan
4210,tegang
4211,menyolok
4212,berat
4213,menggoda
4214,menggoda
4215,membosankan
4216,membosankan
4217,keberanian
4218,melunakkan
4219,badai
4220,godaan
4221,kelembutan
4222,tegang
4223,ketegangan
4224,sementara
4225,untuk sementara
4226,lemah
4227,tenuously
4228,hangat
4229,buruk
4230,terribleness
4231,sangat
4232,teror
4233,teror-genic
4234,terorisme
4235,meneror
4236,testily
4237,mudah tersinggung
4238,berbelit-belit
4239,mudah tersinggung
4240,tanpa pamrih
4241,lebih tebal
4242,haus
4243,berduri
4244,tanpa berpikir
4245,tanpa berpikir
4246,kesembronoan
4247,menggasak
4248,ancaman
4249,mengancam
4250,mengancam
4251,ancaman
4252,threesome
4253,berdenyut
4254,berdenyut-denyut
4255,denyutan
4256,berdenyut-denyut
4257,mencekik
4258,penjahat
4259,jempol ke bawah
4260,jempol ke bawah
4261,menggagalkan
4262,memakan waktu
4263,malu
4264,timidity
4265,malu-malu
4266,timidness
4267,mungil
4268,geli
4269,perasaan geli
4270,lelah
4271,melelahkan
4272,melelahkan
4273,melelahkan
4274,bekerja keras
4275,korban
4276,top-heavy
4277,menjatuhkan
4278,menyiksa
4279,tersiksa
4280,torrent
4281,berliku-liku
4282,penyiksaan
4283,tersiksa
4284,penyiksaan
4285,menyiksa
4286,menyiksa
4287,menyiksa
4288,totaliter
4289,mudah tersinggung
4290,kekerasan
4291,mengintip
4292,dipuji
4293,calo
4294,racun
4295,mengumpat
4296,tragedi
4297,tragis
4298,secara tragis
4299,pengkhianat
4300,khianat
4301,secara khianat
4302,gelandangan
4303,menginjak-injak
4304,melanggar
4305,pelanggaran
4306,perangkap
4307,traped
4308,terperangkap
4309,sampah
4310,menghancurkan
4311,tak bermutu
4312,trauma
4313,traumatis
4314,traumatis
4315,melukai
4316,trauma
4317,travesties
4318,parodi
4319,berbahaya
4320,pengkhianat
4321,pengkhianatan
4322,pengkhianatan
4323,khianat
4324,menipu
4325,tertipu
4326,tipu daya
4327,rumit
4328,sepele
4329,trivialize
4330,kesulitan
4331,bermasalah
4332,pengacau
4333,masalah
4334,sulit
4335,merepotkan
4336,mengganggu
4337,mengganggu
4338,membolos
4339,jatuh
4340,jatuh
4341,terjatuh
4342,rusuh
4343,bergolak
4344,kekacauan
4345,memutar
4346,bengkok
4347,tikungan
4348,berwajah dua
4349,dua wajah
4350,kejam
4351,secara tirani
4352,kezaliman
4353,tiran
4354,ugh
4355,lebih buruk
4356,paling jelek
4357,kejelekan
4358,jelek
4359,tersembunyi
4360,ultimatum
4361,ultimatum
4362,ultra-garis keras
4363,tidak dapat dilihat
4364,tidak mampu
4365,tidak dapat diterima
4366,tidak dapat diterima
4367,tidak dapat diterima
4368,tidak dapat diakses
4369,tak biasa
4370,tidak bisa diraih
4371,tidak terjangkau
4372,tidak menarik
4373,kurang menarik
4374,tidak autentik
4375,tidak tersedia
4376,tak terhindarkan
4377,tak tertahankan
4378,tak tertahankan
4379,luar biasa
4380,luar biasa
4381,tidak peduli
4382,tidak pasti
4383,tidak beradab
4384,biadab
4385,najis
4386,tidak jelas
4387,tidak tertagih
4388,tidak nyaman
4389,tidak nyaman
4390,tidak nyaman
4391,tidak kompetitif
4392,tanpa kompromi
4393,tanpa kompromi
4394,belum dikonfirmasi
4395,inkonstitusionil
4396,tidak terkendali
4397,tidak meyakinkan
4398,tidak meyakinkan
4399,tidak kooperatif
4400,kasar
4401,tidak kreatif
4402,bimbang
4403,tidak terdefinisi
4404,undependability
4405,tidak bisa dipercaya
4406,melemahkan
4407,memotong
4408,undercutting
4409,underdog
4410,meremehkan
4411,bawahan
4412,merusak
4413,dirusak
4414,melemahkan
4415,merongrong
4416,dibayar rendah
4417,kurang bertenaga
4418,berukuran kecil
4419,tidak diinginkan
4420,yg tak dpt ditentukan
4421,undid
4422,tidak bermartabat
4423,tidak terlarut
4424,tidak berdokumen
4425,terlepas
4426,tidak semestinya
4427,kegelisahan
4428,gelisah
4429,rasa gelisah
4430,gelisah
4431,tidak ekonomis
4432,penganggur
4433,tidak setara
4434,tidak etis
4435,tidak rata
4436,tidak lancar
4437,tidak terduga
4438,tiba-tiba
4439,tidak dapat dijelaskan
4440,tidak adil
4441,tidak setia
4442,tidak setia
4443,tidak biasa
4444,tidak menguntungkan
4445,tidak berperasaan
4446,belum selesai
4447,tak layak
4448,tak terduga
4449,tak kenal ampun
4450,disayangkan
4451,sayangnya
4452,tidak berdasar
4453,tidak ramah
4454,tidak terpenuhi
4455,tidak didanai
4456,tak terkendalikan
4457,tidak tahu berterima kasih
4458,sayangnya
4459,ketidakbahagiaan
4460,tidak bahagia
4461,tidak sehat
4462,tidak membantu
4463,unilateralisme
4464,tak terbayangkan
4465,tak terbayangkan
4466,tidak penting
4467,tidak tahu apa-apa
4468,tidak diasuransikan
4469,tidak bisa dimengerti
4470,unintelligile
4471,unipolar
4472,tidak adil
4473,tidak bisa dibenarkan
4474,tidak bisa dibenarkan
4475,tidak bisa dibenarkan
4476,tidak adil
4477,kasar
4478,tanpa perasaan
4479,tidak diketahui
4480,unlamentable
4481,unlamentably
4482,tidak sah
4483,tidak sah
4484,melanggar hukum
4485,melancarkan
4486,tanpa izin
4487,tidak sepertinya
4488,sial
4489,tidak bergeming
4490,tidak wajar
4491,tidak wajar
4492,tidak perlu
4493,tidak dibutuhkan
4494,membuat bingung
4495,terkesima
4496,melemahkan
4497,sangat mengerikan
4498,tanpa disadari
4499,tidak teramati
4500,tdk lazim
4501,tidak ortodoksi
4502,tidak menyenangkan
4503,tidak menyenangkan
4504,tidak populer
4505,tidak dapat diprediksi
4506,tidak siap
4507,tidak produktif
4508,tidak menguntungkan
4509,tidak
4510,tidak terbukti
4511,belum terbukti
4512,tidak terbukti
4513,tidak terbukti
4514,tidak memenuhi syarat
4515,terurai
4516,terurai
4517,tidak terjangkau
4518,tidak terbaca
4519,tidak realistis
4520,keterlaluan
4521,tidak masuk akal
4522,tak henti-hentinya
4523,tanpa henti
4524,tidak dapat diandalkan
4525,tidak bisa diandalkan
4526,belum terselesaikan
4527,tidak responsif
4528,kerusuhan
4529,tegar
4530,tidak aman
4531,tidak memuaskan
4532,buruk
4533,jahat
4534,tidak bermoral
4535,tidak aman
4536,tidak pantas
4537,mengganggu ketenangan
4538,tidak tenang
4539,meresahkan
4540,tidak nyaman
4541,tidak terampil
4542,sederhana
4543,kurang sehat
4544,tak terkatakan
4545,tidak jelas
4546,tidak ditentukan
4547,tidak stabil
4548,tidak stabil
4549,kegoyangan
4550,goyah
4551,gagal
4552,tidak berhasil
4553,tidak didukung
4554,tidak mendukung
4555,tidak yakin
4556,tidak curiga
4557,tidak berkelanjutan
4558,tidak bisa dipertahankan
4559,belum dicoba
4560,tidak terpikirkan
4561,tidak terpikirkan
4562,sebelum waktunya
4563,tak tersentuh
4564,tidak benar
4565,tidak bisa dipercaya
4566,tdk benar
4567,tidak dapat digunakan
4568,tidak biasa
4569,tidak bisa digunakan
4570,unuseably
4571,luar biasa
4572,luar biasa
4573,tak terlihat
4574,tidak diinginkan
4575,tidak beralasan
4576,tidak bisa ditebak
4577,tidak disukai
4578,sakit
4579,berat
4580,enggan
4581,dengan enggan
4582,keengganan
4583,tidak bijaksana
4584,tidak bijaksana
4585,tidak bisa dijalankan
4586,tak layak
4587,keras hati
4588,mencela
4589,pergolakan
4590,pemberontakan
4591,kegemparan
4592,gempar
4593,bengong
4594,menggelikan
4595,surut
4596,menumbangkan
4597,kecewa
4598,upseting
4599,kesal
4600,menjengkelkan
4601,mengecewakan
4602,penting
4603,tak berguna
4604,merebut
4605,perebut
4606,sama sekali
4607,gelandangan
4608,samar
4609,ketidakjelasan
4610,sia sia
4611,sia-sia
4612,kesombongan
4613,keras
4614,dengan berapi-api
4615,balas dendam
4616,dendam
4617,penuh dendam
4618,dendam
4619,bisa ular
4620,berbisa
4621,berbisa
4622,lubang angin
4623,sisa
4624,menyusahkan
4625,kekesalan
4626,menjengkelkan
4627,dengan kejam
4628,bergetar
4629,bergetar
4630,bergetar
4631,bergetar
4632,getaran
4633,wakil
4634,ganas
4635,dengan kejam
4636,kekejaman
4637,mengorbankan
4638,keji
4639,kejantanan
4640,menjelekkan
4641,jahat
4642,jahat
4643,penjahat
4644,penduduk desa
4645,villianous
4646,villianously
4647,menjarah
4648,dendam
4649,dendam
4650,dendam
4651,melanggar
4652,pelanggaran
4653,pelanggar
4654,pelanggar
4655,hebat
4656,dengan keras
4657,ular berbisa
4658,keracunan
4659,jahat
4660,virulently
4661,virus
4662,riuh
4663,gencar
4664,tidak stabil
4665,keriangan
4666,muntahan
4667,muntah
4668,muntah
4669,muntah
4670,vulgar
4671,rentan
4672,wack
4673,meratap
4674,berkubang
4675,menyusut
4676,memudar
4677,nakal
4678,seperti perang
4679,dengan waspada
4680,kecemasan
4681,perang
4682,diperingatkan
4683,PERINGATAN
4684,melengkung
4685,melengkung
4686,waspada
4687,dicuci
4688,limbah
4689,terbuang
4690,boros
4691,pemborosan
4692,menyia nyiakan
4693,mengairi
4694,disiram
4695,patuh
4696,lemah
4697,melemahkan
4698,pelemahan
4699,lebih lemah
4700,kelemahan
4701,kelemahan
4702,kelelahan
4703,melelahkan
4704,lelah
4705,baji
4706,menyiangi
4707,menangis
4708,aneh
4709,anehnya
4710,memancing
4711,merengek
4712,merengek
4713,merengek
4714,cengeng
4715,cambuk
4716,pelacur
4717,pelacur
4718,jahat
4719,jahat
4720,kejahatan
4721,liar
4722,liar
4723,tipu
4724,melayu
4725,cerdik
4726,wimpy
4727,menggerenyet
4728,goyangan
4729,terhuyung-huyung
4730,goyah
4731,duka
4732,sedih
4733,sedih
4734,menyedihkan
4735,casanova
4736,wanita
4737,usang
4738,cemas
4739,cemas
4740,khawatir
4741,kekhawatiran
4742,mencemaskan
4743,kuatir
4744,mengkhawatirkan
4745,mengkhawatirkan
4746,lebih buruk
4747,memburuk
4748,memburuk
4749,terburuk
4750,tak berguna
4751,tidak berharga
4752,tidak berharga
4753,luka
4754,luka
4755,bertengkar
4756,murka
4757,melampiaskan
4758,mendadak
4759,mengacaukan
4760,kecelakaan
4761,merebut
4762,bergulat
4763,orang celaka
4764,malang
4765,celaka
4766,celaka
4767,kerut
4768,berkerut
4769,keriput
4770,wrip
4771,wripped
4772,wripping
4773,sakit hati
4774,salah
4775,salah
4776,salah
4777,tempa
4778,menguap
4779,pertengkaran
4780,terangsang
4781,zaps
4782,orang fanatik
4783,tekun
4784,dengan tekun
4785,zombie
4786,dan
